1,Ъезкубяэжхмш,183
2,Бёэш,213
3,Фжщ,160
4,Ердь,162
5,Лёэ,227
6,Адонрзэфё,228
7,Фднгзч,202
8,Мгчсуийд,168
9,Гкатжб,226
10,Смючзгфтеойи,237
11,Йкпни,215
12,Ьёибд,168
13,Ёбшрждхйгэчо,179
14,Ьрвся,190
15,Щбжюънушфеэ,160
16,Раьэк,250
17,Звт,191
18,Екчлёх,176
19,Ндмбойтюижхс,155
20,Уйатье,242
21,Мщръш,189
22,Тхб,169
23,Еьслэфцйогчм,168
24,Жзщчйьиеорюъ,243
25,Люезчъжуахш,157
26,Ёбиюпдмчгй,245
27,Тьюоэнсягдх,172
28,Счбйщоун,184
29,Ёфиежа,191
30,Йушпяжщвгсмд,223
31,Тлонфжа,243
32,Гунрпмад,177
33,Ипмщдъцкюзв,169
34,Ацеьиояхрпму,154
35,Ёердгчшщз,217
36,Иясуюъдшчщ,206
37,Овшм,187
38,ЕеТизп,247
39,ЕёДлзив,220
40,Ёсжщкргю,215
41,Гямъёбо,159
42,Йемки,163
43,Змрхсьжуивё,179
44,Съиюйц,158
45,Зэижъер,245
46,Ёшюдекфймн,245
47,Кемба,185
48,Асфгерб,229
49,Тфрпчянйв,194
50,Сякймбюву,161
51,Эъхшкв,207
52,Гчэдтюьсо,204
53,Убкя,180
54,Хщкч,213
55,Екащфмя,231
56,Пвоиэщсзяйнр,201
57,Ьмад,197
58,Зигспомявфд,157
59,Чоажхк,181
60,Ачщшг,242
61,Льчс,233
62,Шжёнд,240
63,Ъежчгхтя,151
64,Ьгк,152
65,Цналкпчги,219
66,Аес,208
67,Хиёшжкбц,231
68,Ъювсджь,179
69,Димёщею,169
70,Пантшьчйс,176
71,Яеъоазичф,243
72,Рзшюмэа,172
73,Тбящйгшо,249
74,Пэйтбфуюдч,182
75,Уйломчэяс,217
76,Цймапшню,243
77,Вмфуйеъдлжо,190
78,Мипчъхкцтрё,163
79,Цхбутечфг,207
80,Ижлъхв,230
81,Фцёьгащтдм,249
82,Ащъбиюочлшм,200
83,Юищ,165
84,Рхгд,169
85,Вщрцкёжагу,161
86,Сфйюч,238
87,Ешчоа,162
88,Фхсижьёемз,152
89,Тэь,221
90,Кдуиягцлнеа,224
91,Йрёузисшьля,152
92,Ибёй,225
93,Ъсдйаорелби,180
94,Юзаэсдехц,211
95,Гдб,171
96,Ъсоэвуя,221
97,Эмплктвняа,232
98,Раяъж,182
99,Ьмлёцяоюгивд,167
100,Ячжханшъри,237
